openalex_id,doi,title,year,type,landing_page_url,pdf_url,oa_url,query_ids,in_software_bib,software_bib_key,stage2_decision (include/exclude),stage2_exclusion_reason (EC1-EC5),notes_full_text,efficiency_metric(s) reported,se_task(s),intervention_point (I1/I2/I3/I4),workload_archetype(s) (W1-W5)
https://openalex.org/W2903604310,https://doi.org/10.5162/ettc2018/12.4,12.4 - Machine Learning-Driven Test Case Prioritization Approaches for Black-Box Software Testing,2018,article,https://doi.org/10.5162/ettc2018/12.4,https://www.ama-science.org/proceedings/getFile/ZwtmZt==,https://www.ama-science.org/proceedings/getFile/ZwtmZt==,Q1,False,,exclude,EC3,Uses ML for SE but does not optimize AI model efficiency,,,,
https://openalex.org/W2946739691,https://doi.org/10.1109/apsec.2018.00079,DeepGraph: A PyCharm Tool for Visualizing and Understanding Deep Learning Models,2018,article,https://doi.org/10.1109/apsec.2018.00079,,,Q1,False,,exclude,EC3,Uses ML for SE but does not optimize AI model efficiency,,,,
https://openalex.org/W2885222086,https://doi.org/10.1109/qrs.2018.00031,SynEva: Evaluating ML Programs by Mirror Program Synthesis,2018,article,https://doi.org/10.1109/qrs.2018.00031,,,Q1,False,,exclude,EC3,Uses ML for SE but does not optimize AI model efficiency,,,,
https://openalex.org/W2956024384,,An implementation research on software defect prediction using machine learning techniques,2018,article,http://hdl.handle.net/10138/273586,http://hdl.handle.net/10138/273586,http://hdl.handle.net/10138/273586,Q1,False,,exclude,EC3,Uses ML for SE but does not optimize AI model efficiency,,,,
https://openalex.org/W2941613753,https://doi.org/10.1109/access.2019.2913349,Deep Learning Approach for Software Maintainability Metrics Prediction,2019,article,https://doi.org/10.1109/access.2019.2913349,https://ieeexplore.ieee.org/ielx7/6287639/8600701/08698760.pdf,https://ieeexplore.ieee.org/ielx7/6287639/8600701/08698760.pdf,Q1,False,,exclude,EC3,Uses ML for SE but does not optimize AI model efficiency,,,,
https://openalex.org/W2914608582,https://doi.org/10.1109/tse.2019.2945020,How to “DODGE” Complex Software Analytics,2019,article,https://doi.org/10.1109/tse.2019.2945020,,https://arxiv.org/pdf/1902.01838,Q1,False,,exclude,EC3,Uses ML for SE but does not optimize AI model efficiency,,,,
https://openalex.org/W2969466556,https://doi.org/10.1109/access.2019.2937107,"Testing and Quality Validation for AI Software–Perspectives, Issues, and Practices",2019,article,https://doi.org/10.1109/access.2019.2937107,https://ieeexplore.ieee.org/ielx7/6287639/8600701/08811507.pdf,https://ieeexplore.ieee.org/ielx7/6287639/8600701/08811507.pdf,Q1,False,,exclude,EC3,Uses ML for SE but does not optimize AI model efficiency,,,,
https://openalex.org/W2986478207,https://doi.org/10.1007/s10664-019-09769-8,Recognizing lines of code violating company-specific coding guidelines using machine learning,2019,article,https://doi.org/10.1007/s10664-019-09769-8,https://link.springer.com/content/pdf/10.1007/s10664-019-09769-8.pdf,https://link.springer.com/content/pdf/10.1007/s10664-019-09769-8.pdf,Q1,False,,exclude,EC3,Uses ML for SE but does not optimize AI model efficiency,,,,
https://openalex.org/W2947510423,https://doi.org/10.1186/s40537-019-0198-z,Exploring the applicability of low-shot learning in mining software repositories,2019,article,https://doi.org/10.1186/s40537-019-0198-z,https://journalofbigdata.springeropen.com/track/pdf/10.1186/s40537-019-0198-z,https://journalofbigdata.springeropen.com/track/pdf/10.1186/s40537-019-0198-z,Q7,False,,exclude,EC3,Uses ML for SE but does not optimize AI model efficiency,,,,
https://openalex.org/W2968544084,https://doi.org/10.1145/3338906.3341466,Machine-learning supported vulnerability detection in source code,2019,article,https://doi.org/10.1145/3338906.3341466,,,Q1,False,,exclude,EC3,Uses ML for SE but does not optimize AI model efficiency,,,,
https://openalex.org/W2969078328,https://doi.org/10.1088/1757-899x/551/1/012074,Adoption of Machine Learning Techniques in Software Effort Estimation: An Overview,2019,article,https://doi.org/10.1088/1757-899x/551/1/012074,https://iopscience.iop.org/article/10.1088/1757-899X/551/1/012074/pdf,https://iopscience.iop.org/article/10.1088/1757-899X/551/1/012074/pdf,Q1,False,,exclude,EC3,Uses ML for SE but does not optimize AI model efficiency,,,,
https://openalex.org/W2943355569,https://doi.org/10.1088/1757-899x/508/1/012140,A search-based software engineering for defect prediction in ubuntu ecosystem,2019,article,https://doi.org/10.1088/1757-899x/508/1/012140,https://iopscience.iop.org/article/10.1088/1757-899X/508/1/012140/pdf,https://iopscience.iop.org/article/10.1088/1757-899X/508/1/012140/pdf,Q1,False,,exclude,EC3,Uses ML for SE but does not optimize AI model efficiency,,,,
https://openalex.org/W3035156651,https://doi.org/10.1016/j.jss.2020.110693,A large empirical assessment of the role of data balancing in machine-learning-based code smell detection,2020,article,https://doi.org/10.1016/j.jss.2020.110693,https://www.sciencedirect.com/science/article/pii/S0164121220301448,https://www.sciencedirect.com/science/article/pii/S0164121220301448,Q1,False,,exclude,EC3,Uses ML for SE but does not optimize AI model efficiency,,,,
https://openalex.org/W3003566556,https://doi.org/10.1109/access.2020.2970178,A Novel Software Engineering Approach Toward Using Machine Learning for Improving the Efficiency of Health Systems,2020,article,https://doi.org/10.1109/access.2020.2970178,https://ieeexplore.ieee.org/ielx7/6287639/8948470/08974224.pdf,https://ieeexplore.ieee.org/ielx7/6287639/8948470/08974224.pdf,Q1,False,,exclude,EC3,Not SE domain,,,,
https://openalex.org/W3106580438,https://doi.org/10.1109/access.2020.3039931,A Framework for Continuous Regression and Integration Testing in IoT Systems Based on Deep Learning and Search-Based Techniques,2020,article,https://doi.org/10.1109/access.2020.3039931,https://ieeexplore.ieee.org/ielx7/6287639/6514899/09269420.pdf,https://ieeexplore.ieee.org/ielx7/6287639/6514899/09269420.pdf,Q1,False,,exclude,EC3,Not SE domain,,,,
https://openalex.org/W3033783402,https://doi.org/10.3390/su12114663,Early Prediction of a Team Performance in the Initial Assessment Phases of a Software Project for Sustainable Software Engineering Education,2020,article,https://doi.org/10.3390/su12114663,https://www.mdpi.com/2071-1050/12/11/4663/pdf?version=1591590571,https://www.mdpi.com/2071-1050/12/11/4663/pdf?version=1591590571,Q1,False,,exclude,EC3,Uses ML for SE but does not optimize AI model efficiency,,,,
https://openalex.org/W3094809468,https://doi.org/10.3390/su12218986,Prediction of Coding Intricacy in a Software Engineering Team through Machine Learning to Ensure Cooperative Learning and Sustainable Education,2020,article,https://doi.org/10.3390/su12218986,https://www.mdpi.com/2071-1050/12/21/8986/pdf?version=1603973959,https://www.mdpi.com/2071-1050/12/21/8986/pdf?version=1603973959,Q1,False,,exclude,EC3,Uses ML for SE but does not optimize AI model efficiency,,,,
https://openalex.org/W3046651111,https://doi.org/10.1109/icuems50872.2020.00031,Investigation on the quality assurance procedure and evaluation methodology of machine learning building energy model systems,2020,article,https://doi.org/10.1109/icuems50872.2020.00031,,,Q1,False,,exclude,EC3,Uses ML for SE but does not optimize AI model efficiency,,,,
https://openalex.org/W3110296331,https://doi.org/10.5121/csit.2020.101514,Using Machine Learning Image Recognition for Code Reviews,2020,article,http://doi.org/10.5121/csit.2020.101514,https://doi.org/10.5121/csit.2020.101514,https://doi.org/10.5121/csit.2020.101514,Q1,False,,exclude,EC3,Uses ML for SE but does not optimize AI model efficiency,,,,
https://openalex.org/W3161071537,https://doi.org/10.1145/3436877,DeepWukong,2021,article,https://doi.org/10.1145/3436877,,,Q1,False,,exclude,EC3,Uses ML for SE but does not optimize AI model efficiency,,,,
https://openalex.org/W4205117944,https://doi.org/10.1109/access.2021.3133810,A Novel Approach for Code Smell Detection: An Empirical Study,2021,article,https://doi.org/10.1109/access.2021.3133810,https://ieeexplore.ieee.org/ielx7/6287639/6514899/09641807.pdf,https://ieeexplore.ieee.org/ielx7/6287639/6514899/09641807.pdf,Q1,False,,exclude,EC3,Uses ML for SE but does not optimize AI model efficiency,,,,
https://openalex.org/W3214785090,https://doi.org/10.1109/icsme52107.2021.00053,DeepOrder: Deep Learning for Test Case Prioritization in Continuous Integration Testing,2021,article,https://doi.org/10.1109/icsme52107.2021.00053,,,Q1,False,,exclude,EC3,Uses ML for SE but does not optimize AI model efficiency,,,,
https://openalex.org/W3128658155,https://doi.org/10.3390/s21041133,Efficient Feature Selection for Static Analysis Vulnerability Prediction,2021,article,https://doi.org/10.3390/s21041133,https://www.mdpi.com/1424-8220/21/4/1133/pdf?version=1613710125,https://www.mdpi.com/1424-8220/21/4/1133/pdf?version=1613710125,Q1,False,,exclude,EC3,Uses ML for SE but does not optimize AI model efficiency,,,,
https://openalex.org/W3129804067,https://doi.org/10.1109/icse-companion52605.2021.00027,NEUROSPF: A Tool for the Symbolic Analysis of Neural Networks,2021,article,https://doi.org/10.1109/icse-companion52605.2021.00027,,https://research.manchester.ac.uk/en/publications/6f0289a3-3f3e-4e09-a7cb-7e6d606fd2f5,Q1,False,,exclude,EC3,Uses ML for SE but does not optimize AI model efficiency,,,,
https://openalex.org/W3160849280,https://doi.org/10.1109/icse-companion52605.2021.00024,GraphGallery: A Platform for Fast Benchmarking and Easy Development of Graph Neural Networks Based Intelligent Software,2021,article,https://doi.org/10.1109/icse-companion52605.2021.00024,,,Q1,False,,exclude,EC3,Uses ML for SE but does not optimize AI model efficiency,,,,
https://openalex.org/W3130452242,https://doi.org/10.48550/arxiv.2102.07933,GraphGallery: A Platform for Fast Benchmarking and Easy Development of Graph Neural Networks Based Intelligent Software,2021,preprint,http://arxiv.org/abs/2102.07933,https://arxiv.org/pdf/2102.07933,https://arxiv.org/pdf/2102.07933,Q1,False,,exclude,EC3,Uses ML for SE but does not optimize AI model efficiency,,,,
https://openalex.org/W3194750945,https://doi.org/10.1145/3475960.3475987,A classification of code changes and test types dependencies for improving machine learning based test selection,2021,article,https://doi.org/10.1145/3475960.3475987,,https://research.chalmers.se/en/publication/525573,Q1,False,,exclude,EC3,Uses ML for SE but does not optimize AI model efficiency,,,,
https://openalex.org/W4226127717,https://doi.org/10.48550/arxiv.2112.06222,Rise of Distributed Deep Learning Training in the Big Model Era: From a Software Engineering Perspective,2021,preprint,http://arxiv.org/abs/2112.06222,https://arxiv.org/pdf/2112.06222,https://arxiv.org/pdf/2112.06222,Q1,False,,exclude,EC3,Uses ML for SE but does not optimize AI model efficiency,,,,
https://openalex.org/W3138855112,https://doi.org/10.3233/faia210007,SELM: Software Engineering of Machine Learning Models,2021,preprint,https://doi.org/10.3233/faia210007,,https://arxiv.org/pdf/2103.11249,Q1,False,,exclude,EC3,Uses ML for SE but does not optimize AI model efficiency,,,,
https://openalex.org/W4226171805,https://doi.org/10.48550/arxiv.2112.14169,Fast Changeset-based Bug Localization with BERT,2021,preprint,http://arxiv.org/abs/2112.14169,https://arxiv.org/pdf/2112.14169,https://arxiv.org/pdf/2112.14169,Q1,False,,exclude,EC3,Uses ML for SE but does not optimize AI model efficiency,,,,
https://openalex.org/W3135825205,https://doi.org/10.48550/arxiv.2103.00124,NEUROSPF: A tool for the Symbolic Analysis of Neural Networks,2021,preprint,http://arxiv.org/abs/2103.00124,https://arxiv.org/pdf/2103.00124,https://arxiv.org/pdf/2103.00124,Q1,False,,exclude,EC3,Uses ML for SE but does not optimize AI model efficiency,,,,
https://openalex.org/W4286904012,https://doi.org/10.48550/arxiv.2110.07443,DeepOrder: Deep Learning for Test Case Prioritization in Continuous Integration Testing,2021,preprint,http://arxiv.org/abs/2110.07443,https://arxiv.org/pdf/2110.07443,https://arxiv.org/pdf/2110.07443,Q1,False,,exclude,EC3,Uses ML for SE but does not optimize AI model efficiency,,,,
https://openalex.org/W3118272073,https://doi.org/10.1109/saner50967.2021.00058,Adaptive Immunity for Software: Towards Autonomous Self-healing Systems,2021,preprint,https://doi.org/10.1109/saner50967.2021.00058,,https://arxiv.org/pdf/2101.02534,Q1,False,,exclude,EC3,Uses ML for SE but does not optimize AI model efficiency,,,,
https://openalex.org/W4311165836,https://doi.org/10.1145/3564625.3567985,Transformer-Based Language Models for Software Vulnerability Detection,2022,article,https://doi.org/10.1145/3564625.3567985,,,Q1,False,,exclude,EC3,Uses ML for SE but does not optimize AI model efficiency,,,,
https://openalex.org/W4308643015,https://doi.org/10.1145/3540250.3549119,"CommentFinder: a simpler, faster, more accurate code review comments recommendation",2022,article,https://doi.org/10.1145/3540250.3549119,,,Q1,False,,exclude,EC3,Uses ML for SE but does not optimize AI model efficiency,,,,
https://openalex.org/W4308642531,https://doi.org/10.1145/3540250.3549099,AUGER: automatically generating review comments with pre-training models,2022,article,https://doi.org/10.1145/3540250.3549099,https://dl.acm.org/doi/pdf/10.1145/3540250.3549099,https://dl.acm.org/doi/pdf/10.1145/3540250.3549099,Q1;Q7,False,,exclude,EC3,Uses ML for SE but does not optimize AI model efficiency,,,,
https://openalex.org/W4214655501,https://doi.org/10.1109/access.2022.3153347,Automated Software Test Data Generation With Generative Adversarial Networks,2022,article,https://doi.org/10.1109/access.2022.3153347,https://ieeexplore.ieee.org/ielx7/6287639/9668973/09718329.pdf,https://ieeexplore.ieee.org/ielx7/6287639/9668973/09718329.pdf,Q1,False,,exclude,EC3,Uses ML for SE but does not optimize AI model efficiency,,,,
https://openalex.org/W4307812665,https://doi.org/10.1145/3569934,What Is the Intended Usage Context of This Model? An Exploratory Study of Pre-Trained Models on Various Model Repositories,2022,article,https://doi.org/10.1145/3569934,,,Q1,False,,exclude,EC3,Uses ML for SE but does not optimize AI model efficiency,,,,
https://openalex.org/W4308419356,https://doi.org/10.32604/csse.2023.029703,A Hybridized Artificial Neural Network for Automated Software Test Oracle,2022,article,https://doi.org/10.32604/csse.2023.029703,https://file.techscience.com/ueditor/files/csse/TSP_CSSE-45-2/TSP_CSSE_29703/TSP_CSSE_29703.pdf,https://file.techscience.com/ueditor/files/csse/TSP_CSSE-45-2/TSP_CSSE_29703/TSP_CSSE_29703.pdf,Q1,False,,exclude,EC3,Uses ML for SE but does not optimize AI model efficiency,,,,
https://openalex.org/W4280601991,https://doi.org/10.4018/jcit.296715,Software Effort Estimation Development From Neural Networks to Deep Learning Approaches,2022,article,https://doi.org/10.4018/jcit.296715,https://www.igi-global.com/ViewTitle.aspx?TitleId=296715&isxn=9781799878230,https://www.igi-global.com/ViewTitle.aspx?TitleId=296715&isxn=9781799878230,Q1,False,,exclude,EC3,Uses ML for SE but does not optimize AI model efficiency,,,,
https://openalex.org/W4297164521,https://doi.org/10.48550/arxiv.2209.11515,Large Language Models are Few-shot Testers: Exploring LLM-based General Bug Reproduction,2022,preprint,http://arxiv.org/abs/2209.11515,https://arxiv.org/pdf/2209.11515,https://arxiv.org/pdf/2209.11515,Q1;Q7,False,,exclude,EC3,Uses ML for SE but does not optimize AI model efficiency,,,,
https://openalex.org/W4281619052,https://doi.org/10.48550/arxiv.2206.00804,Learning code summarization from a small and local dataset,2022,preprint,http://arxiv.org/abs/2206.00804,https://arxiv.org/pdf/2206.00804,https://arxiv.org/pdf/2206.00804,Q1,False,,exclude,EC3,Uses ML for SE but does not optimize AI model efficiency,,,,
https://openalex.org/W4310147701,https://doi.org/10.3390/math10234482,Distilled and Contextualized Neural Models Benchmarked for Vulnerable Function Detection,2022,article,https://doi.org/10.3390/math10234482,https://www.mdpi.com/2227-7390/10/23/4482/pdf?version=1669626691,https://www.mdpi.com/2227-7390/10/23/4482/pdf?version=1669626691,Q1,False,,exclude,EC3,Uses ML for SE but does not optimize AI model efficiency,,,,
https://openalex.org/W4224943908,https://doi.org/10.48550/arxiv.2204.10899,Comparative Study of Machine Learning Test Case Prioritization for Continuous Integration Testing,2022,preprint,http://arxiv.org/abs/2204.10899,https://arxiv.org/pdf/2204.10899,https://arxiv.org/pdf/2204.10899,Q1,False,,exclude,EC3,Uses ML for SE but does not optimize AI model efficiency,,,,
https://openalex.org/W4312927771,https://doi.org/10.1080/02522667.2022.2094544,Software reliability reckoning by applying neural network algorithm,2022,article,https://doi.org/10.1080/02522667.2022.2094544,,,Q1,False,,exclude,EC3,Uses ML for SE but does not optimize AI model efficiency,,,,
https://openalex.org/W4294959111,https://doi.org/10.48550/arxiv.2204.03214,Transformer-Based Language Models for Software Vulnerability Detection,2022,preprint,http://arxiv.org/abs/2204.03214,https://arxiv.org/pdf/2204.03214,https://arxiv.org/pdf/2204.03214,Q1,False,,exclude,EC3,Uses ML for SE but does not optimize AI model efficiency,,,,
https://openalex.org/W4284677510,https://doi.org/10.21203/rs.3.rs-1808797/v1,Cloud-Based Bug Tracking Software DefectsAnalysis using Deep Learning,2022,preprint,https://doi.org/10.21203/rs.3.rs-1808797/v1,https://www.researchsquare.com/article/rs-1808797/latest.pdf,https://www.researchsquare.com/article/rs-1808797/latest.pdf,Q1,False,,exclude,EC3,Uses ML for SE but does not optimize AI model efficiency,,,,
https://openalex.org/W4281713376,https://doi.org/10.35741/issn.0258-2724.57.2.5,ROLE OF ARTIFICIAL INTELLIGENCE (AI) TOOLS FOR ASSURING QUALITY IN SOFTWARE,2022,article,https://doi.org/10.35741/issn.0258-2724.57.2.5,http://jsju.org/index.php/journal/article/download/1220/1210,http://jsju.org/index.php/journal/article/download/1220/1210,Q1,False,,exclude,EC3,Uses ML for SE but does not optimize AI model efficiency,,,,
https://openalex.org/W4285299411,https://doi.org/10.14569/ijacsa.2022.0130598,A Novel Code Completion Strategy,2022,article,https://doi.org/10.14569/ijacsa.2022.0130598,http://thesai.org/Downloads/Volume13No5/Paper_98-A_Novel_Code_Completion_Strategy.pdf,http://thesai.org/Downloads/Volume13No5/Paper_98-A_Novel_Code_Completion_Strategy.pdf,Q1;Q3,False,,exclude,EC3,Uses ML for SE but does not optimize AI model efficiency,,,,
https://openalex.org/W4281710633,https://doi.org/10.48550/arxiv.2205.13342,Leveraging Causal Inference for Explainable Automatic Program Repair,2022,preprint,http://arxiv.org/abs/2205.13342,https://arxiv.org/pdf/2205.13342,https://arxiv.org/pdf/2205.13342,Q1,False,,exclude,EC3,Uses ML for SE but does not optimize AI model efficiency,,,,
https://openalex.org/W4316036109,https://doi.org/10.5753/eniac.2022.227555,Automatic Classification of Bug Reports for Mobile Devices: An Industrial Case Study,2022,article,http://dx.doi.org/10.5753/eniac.2022.227555,https://sol.sbc.org.br/index.php/eniac/article/download/22827/22650,https://sol.sbc.org.br/index.php/eniac/article/download/22827/22650,Q1,False,,exclude,EC3,Uses ML for SE but does not optimize AI model efficiency,,,,
https://openalex.org/W4283311443,https://doi.org/10.1111/exsy.13013,Special issue on intelligent software engineering,2022,article,https://doi.org/10.1111/exsy.13013,https://onlinelibrary.wiley.com/doi/pdfdirect/10.1111/exsy.13013,https://onlinelibrary.wiley.com/doi/pdfdirect/10.1111/exsy.13013,Q1,False,,exclude,EC3,Uses ML for SE but does not optimize AI model efficiency,,,,
https://openalex.org/W4312610736,https://doi.org/10.5815/ijmecs.2022.04.04,Hybridization of Buffalo and Truncative Cyclic Gene Deep Neural Network-based Test Suite Optimization for Software Testing,2022,article,https://doi.org/10.5815/ijmecs.2022.04.04,http://www.mecs-press.org/ijmecs/ijmecs-v14-n4/IJMECS-V14-N4-4.pdf,http://www.mecs-press.org/ijmecs/ijmecs-v14-n4/IJMECS-V14-N4-4.pdf,Q1,False,,exclude,EC3,Uses ML for SE but does not optimize AI model efficiency,,,,
https://openalex.org/W4288047606,https://doi.org/10.53730/ijhs.v6ns4.9616,Enhanced convolutional neural network based android software maintainability prediction,2022,article,https://doi.org/10.53730/ijhs.v6ns4.9616,https://sciencescholar.us/journal/index.php/ijhs/article/download/9616/6618,https://sciencescholar.us/journal/index.php/ijhs/article/download/9616/6618,Q1,False,,exclude,EC3,Uses ML for SE but does not optimize AI model efficiency,,,,
https://openalex.org/W4383598006,https://doi.org/10.22214/ijraset.2023.54628,Accelerating Software Quality: Unleashing the Power of Generative AI for Automated Test-Case Generation and Bug Identification,2023,article,https://doi.org/10.22214/ijraset.2023.54628,https://doi.org/10.22214/ijraset.2023.54628,https://doi.org/10.22214/ijraset.2023.54628,Q1,False,,exclude,EC3,Uses ML for SE but does not optimize AI model efficiency,,,,
https://openalex.org/W4380682401,https://doi.org/10.1109/access.2023.3285598,Prediction and Correction of Software Defects in Message-Passing Interfaces Using a Static Analysis Tool and Machine Learning,2023,article,https://doi.org/10.1109/access.2023.3285598,https://ieeexplore.ieee.org/ielx7/6287639/10005208/10151880.pdf,https://ieeexplore.ieee.org/ielx7/6287639/10005208/10151880.pdf,Q1,False,,exclude,EC3,Uses ML for SE but does not optimize AI model efficiency,,,,
https://openalex.org/W4389943955,https://doi.org/10.1109/isai-nlp60301.2023.10354608,Generative AI for Self-Healing Systems,2023,article,https://doi.org/10.1109/isai-nlp60301.2023.10354608,,,Q1;Q3,False,,exclude,EC3,Uses ML for SE but does not optimize AI model efficiency,,,,
https://openalex.org/W4389165146,https://doi.org/10.1145/3611643.3616247,Design by Contract for Deep Learning APIs,2023,article,https://doi.org/10.1145/3611643.3616247,https://dl.acm.org/doi/pdf/10.1145/3611643.3616247,https://dl.acm.org/doi/pdf/10.1145/3611643.3616247,Q1,False,,exclude,EC3,Uses ML for SE but does not optimize AI model efficiency,,,,
https://openalex.org/W4376505605,https://doi.org/10.1145/3597204,Rise of Distributed Deep Learning Training in the Big Model Era: From a Software Engineering Perspective,2023,article,https://doi.org/10.1145/3597204,,,Q1,False,,exclude,EC3,Uses ML for SE but does not optimize AI model efficiency,,,,
https://openalex.org/W4384302806,https://doi.org/10.1109/icse48619.2023.00092,DeepArc: Modularizing Neural Networks for the Model Maintenance,2023,article,https://doi.org/10.1109/icse48619.2023.00092,,http://hdl.handle.net/10072/426141,Q1,False,,exclude,EC3,Uses ML for SE but does not optimize AI model efficiency,,,,
https://openalex.org/W4390570501,https://doi.org/10.52756/ijerr.2023.v36.013,Enhancing Software Maintainability Prediction Using Multiple Linear Regression and Predictor Importance,2023,article,https://doi.org/10.52756/ijerr.2023.v36.013,https://qtanalytics.in/journals/index.php/IJERR/article/download/2466/1573,https://qtanalytics.in/journals/index.php/IJERR/article/download/2466/1573,Q1,False,,exclude,EC3,Uses ML for SE but does not optimize AI model efficiency,,,,
https://openalex.org/W4323637514,https://doi.org/10.48550/arxiv.2303.01679,Automated Machine Learning for Deep Learning based Malware Detection,2023,preprint,http://arxiv.org/abs/2303.01679,https://arxiv.org/pdf/2303.01679,https://arxiv.org/pdf/2303.01679,Q1;Q7,False,,exclude,EC3,Uses ML for SE but does not optimize AI model efficiency,,,,
https://openalex.org/W4387075390,https://doi.org/10.48550/arxiv.2309.13574,"LLM for Test Script Generation and Migration: Challenges, Capabilities, and Opportunities",2023,preprint,http://arxiv.org/abs/2309.13574,https://arxiv.org/pdf/2309.13574,https://arxiv.org/pdf/2309.13574,Q1;Q3;Q7,False,,exclude,EC3,Uses ML for SE but does not optimize AI model efficiency,,,,
https://openalex.org/W4324299451,https://doi.org/10.48550/arxiv.2303.07263,InferFix: End-to-End Program Repair with LLMs,2023,preprint,http://arxiv.org/abs/2303.07263,https://arxiv.org/pdf/2303.07263,https://arxiv.org/pdf/2303.07263,Q1;Q3;Q7,False,,exclude,EC3,Uses ML for SE but does not optimize AI model efficiency,,,,
https://openalex.org/W4386971429,https://doi.org/10.17762/ijritcc.v11i5.6602,An Intelligent Framework for Estimating Software Development Projects using Machine Learning,2023,article,https://doi.org/10.17762/ijritcc.v11i5.6602,https://ijritcc.org/index.php/ijritcc/article/download/6602/5878,https://ijritcc.org/index.php/ijritcc/article/download/6602/5878,Q1;Q5,False,,exclude,EC3,Uses ML for SE but does not optimize AI model efficiency,,,,
https://openalex.org/W4377130929,https://doi.org/10.48550/arxiv.2305.10785,CCT5: A Code-Change-Oriented Pre-Trained Model,2023,preprint,http://arxiv.org/abs/2305.10785,https://arxiv.org/pdf/2305.10785,https://arxiv.org/pdf/2305.10785,Q1;Q3;Q5,False,,exclude,EC3,Uses ML for SE but does not optimize AI model efficiency,,,,
https://openalex.org/W4376269701,https://doi.org/10.1142/s0218194023500262,Cross-Project Transfer Learning on Lightweight Code Semantic Graphs for Defect Prediction,2023,article,https://doi.org/10.1142/s0218194023500262,,,Q1,False,,exclude,EC3,Uses ML for SE but does not optimize AI model efficiency,,,,
https://openalex.org/W4387323558,https://doi.org/10.48550/arxiv.2310.00399,Empirical Study on Transformer-based Techniques for Software Engineering,2023,preprint,http://arxiv.org/abs/2310.00399,https://arxiv.org/pdf/2310.00399,https://arxiv.org/pdf/2310.00399,Q1,False,,exclude,EC3,Uses ML for SE but does not optimize AI model efficiency,,,,
https://openalex.org/W4388481426,https://doi.org/10.48550/arxiv.2311.02303,MFTCoder: Boosting Code LLMs with Multitask Fine-Tuning,2023,preprint,http://arxiv.org/abs/2311.02303,https://arxiv.org/pdf/2311.02303,https://arxiv.org/pdf/2311.02303,Q1;Q5;Q7,False,,exclude,EC3,Uses ML for SE but does not optimize AI model efficiency,,,,
https://openalex.org/W4386524724,https://doi.org/10.55779/ng33138,Artificial Intelligence (AI) – based strategies for point cloud data and digital twins,2023,article,https://doi.org/10.55779/ng33138,https://novageodesia.ro/index.php/ng/article/download/138/37,https://novageodesia.ro/index.php/ng/article/download/138/37,Q1,False,,exclude,EC3,Uses ML for SE but does not optimize AI model efficiency,,,,
https://openalex.org/W4388179858,https://doi.org/10.17762/ijritcc.v11i10s.7710,A Novel Developed Supervised Machine Learning System For Classification And Prediction of Software Faults Using NASA Dataset,2023,article,http://dx.doi.org/10.17762/ijritcc.v11i10s.7710,https://ijritcc.org/index.php/ijritcc/article/download/7710/6375,https://ijritcc.org/index.php/ijritcc/article/download/7710/6375,Q1,False,,exclude,EC3,Uses ML for SE but does not optimize AI model efficiency,,,,
https://openalex.org/W4388425940,https://doi.org/10.14293/pr2199.000442.v1,Bias and Error Mitigation in Software-Generated Data: An Advanced Search and Optimization Framework Leveraging Generative Code Models,2023,preprint,https://doi.org/10.14293/pr2199.000442.v1,https://www.scienceopen.com/document_file/1c46b63b-bd5d-41b3-b0f4-0125479c6e0e/ScienceOpenPreprint/full-article-16-oct-2023.pdf,https://www.scienceopen.com/document_file/1c46b63b-bd5d-41b3-b0f4-0125479c6e0e/ScienceOpenPreprint/full-article-16-oct-2023.pdf,Q1;Q7,False,,exclude,EC3,Uses ML for SE but does not optimize AI model efficiency,,,,
https://openalex.org/W4319452616,https://doi.org/10.48550/arxiv.2302.02261,NeuRI: Diversifying DNN Generation via Inductive Rule Inference,2023,preprint,http://arxiv.org/abs/2302.02261,https://arxiv.org/pdf/2302.02261,https://arxiv.org/pdf/2302.02261,Q1;Q2;Q7,False,,exclude,EC3,Uses ML for SE but does not optimize AI model efficiency,,,,
https://openalex.org/W4388411298,https://doi.org/10.24867/is-2023-t2.1-6_08141,A MACHINE LEARNING PIPELINE IMPLEMENTATION USING MLOPS AND GITOPS PRINCIPLES,2023,article,http://doi.org/10.24867/is-2023-t2.1-6_08141,https://doi.org/10.24867/is-2023-t2.1-6_08141,https://doi.org/10.24867/is-2023-t2.1-6_08141,Q1,False,,exclude,EC3,Uses ML for SE but does not optimize AI model efficiency,,,,
https://openalex.org/W4389799158,https://doi.org/10.1063/5.0178913,Deep learning for software defect prediction,2023,article,http://dx.doi.org/10.1063/5.0178913,https://pubs.aip.org/aip/acp/article-pdf/doi/10.1063/5.0178913/18262803/060023_1_5.0178913.pdf,https://pubs.aip.org/aip/acp/article-pdf/doi/10.1063/5.0178913/18262803/060023_1_5.0178913.pdf,Q1,False,,exclude,EC3,Uses ML for SE but does not optimize AI model efficiency,,,,
https://openalex.org/W4381929787,https://doi.org/10.33899/csmj.2023.179485,Using intelligence techniques to automate Oracle testing,2023,article,https://doi.org/10.33899/csmj.2023.179485,https://csmj.mosuljournals.com/article_179485_11a85218af5dbdc2abaaf99084e75630.pdf,https://csmj.mosuljournals.com/article_179485_11a85218af5dbdc2abaaf99084e75630.pdf,Q1,False,,exclude,EC3,Uses ML for SE but does not optimize AI model efficiency,,,,
https://openalex.org/W4392240261,https://doi.org/10.2478/raft-2024-0010,Codesentry: Revolutionizing Real-Time Software Vulnerability Detection With Optimized GPT Framework,2024,article,https://doi.org/10.2478/raft-2024-0010,https://sciendo.com/pdf/10.2478/raft-2024-0010,https://sciendo.com/pdf/10.2478/raft-2024-0010,Q1,False,,exclude,EC3,Uses ML for SE but does not optimize AI model efficiency,,,,
https://openalex.org/W4394743995,https://doi.org/10.1145/3597503.3639091,On Extracting Specialized Code Abilities from Large Language Models: A Feasibility Study,2024,article,https://doi.org/10.1145/3597503.3639091,,,Q7,False,,exclude,EC3,Uses ML for SE but does not optimize AI model efficiency,,,,
https://openalex.org/W4392293733,https://doi.org/10.1007/s40747-024-01373-8,Leveraging pre-trained language models for code generation,2024,article,https://doi.org/10.1007/s40747-024-01373-8,https://link.springer.com/content/pdf/10.1007/s40747-024-01373-8.pdf,https://link.springer.com/content/pdf/10.1007/s40747-024-01373-8.pdf,Q1;Q3;Q7,False,,exclude,EC3,Uses ML for SE but does not optimize AI model efficiency,,,,
https://openalex.org/W4396754439,https://doi.org/10.1109/access.2024.3399101,Enhancing Software Co-Change Prediction: Leveraging Hybrid Approaches for Improved Accuracy,2024,article,https://doi.org/10.1109/access.2024.3399101,https://ieeexplore.ieee.org/ielx7/6287639/6514899/10526245.pdf,https://ieeexplore.ieee.org/ielx7/6287639/6514899/10526245.pdf,Q1,False,,exclude,EC3,Uses ML for SE but does not optimize AI model efficiency,,,,
https://openalex.org/W4399422934,https://doi.org/10.5753/jserd.2024.3324,On the Effectiveness of Trivial Refactorings in Predicting Non-trivial Refactorings,2024,article,https://doi.org/10.5753/jserd.2024.3324,https://journals-sol.sbc.org.br/index.php/jserd/article/download/3324/2648,https://journals-sol.sbc.org.br/index.php/jserd/article/download/3324/2648,Q1,False,,exclude,EC3,Uses ML for SE but does not optimize AI model efficiency,,,,
https://openalex.org/W4400123827,https://doi.org/10.3390/electronics13132538,Vul-Mixer: Efficient and Effective Machine Learning–Assisted Software Vulnerability Detection,2024,article,https://doi.org/10.3390/electronics13132538,https://www.mdpi.com/2079-9292/13/13/2538/pdf?version=1719562896,https://www.mdpi.com/2079-9292/13/13/2538/pdf?version=1719562896,Q1,False,,exclude,EC3,Uses ML for SE but does not optimize AI model efficiency,,,,
https://openalex.org/W4405335218,https://doi.org/10.21203/rs.3.rs-5620329/v1,AI-Enhanced Test Case Generation and Prioritization Framework Using RNNs and LSTMs in Behavior-Driven Development (BDD),2024,preprint,https://doi.org/10.21203/rs.3.rs-5620329/v1,https://www.researchsquare.com/article/rs-5620329/latest.pdf,https://www.researchsquare.com/article/rs-5620329/latest.pdf,Q1,False,,exclude,EC3,Uses ML for SE but does not optimize AI model efficiency,,,,
https://openalex.org/W4405712487,https://doi.org/10.35784/iapgos.6393,DEFECT SEVERITY CODE PREDICTION BASED ON ENSEMBLE LEARNING,2024,article,https://doi.org/10.35784/iapgos.6393,https://ph.pollub.pl/index.php/iapgos/article/download/6393/4706,https://ph.pollub.pl/index.php/iapgos/article/download/6393/4706,Q1,False,,exclude,EC3,Uses ML for SE but does not optimize AI model efficiency,,,,
https://openalex.org/W7112416589,,Efficient Exploration and Analysis of Program Repair Search Spaces,2024,article,http://urn.kb.se/resolve?urn=urn:nbn:se:kth:diva-355105,,http://urn.kb.se/resolve?urn=urn:nbn:se:kth:diva-355105,Q1,False,,exclude,EC3,Uses ML for SE but does not optimize AI model efficiency,,,,
https://openalex.org/W4391545897,https://doi.org/10.14569/ijacsa.2024.0150158,Revolutionizing Software Project Development: A CNN-LSTM Hybrid Model for Effective Defect Prediction,2024,article,http://dx.doi.org/10.14569/ijacsa.2024.0150158,http://thesai.org/Downloads/Volume15No1/Paper_58-Revolutionizing_Software_Project_Development.pdf,http://thesai.org/Downloads/Volume15No1/Paper_58-Revolutionizing_Software_Project_Development.pdf,Q1,False,,exclude,EC3,Uses ML for SE but does not optimize AI model efficiency,,,,
https://openalex.org/W4399323770,https://doi.org/10.3390/app14114880,Making More with Less: Improving Software Testing Outcomes Using a Cross-Project and Cross-Language ML Classifier Based on Cost-Sensitive Training,2024,article,https://doi.org/10.3390/app14114880,https://www.mdpi.com/2076-3417/14/11/4880/pdf?version=1717511012,https://www.mdpi.com/2076-3417/14/11/4880/pdf?version=1717511012,Q1,False,,exclude,EC3,Uses ML for SE but does not optimize AI model efficiency,,,,
https://openalex.org/W4406012448,https://doi.org/10.1109/access.2024.3525069,Leveraging an Enhanced CodeBERT-Based Model for Multiclass Software Defect Prediction via Defect Classification,2025,article,https://doi.org/10.1109/access.2024.3525069,,https://doi.org/10.1109/access.2024.3525069,Q1,False,,exclude,EC3,Uses ML for SE but does not optimize AI model efficiency,,,,
https://openalex.org/W4408017247,https://doi.org/10.1109/access.2025.3543277,Interpretable Deep Learning for Efficient Code Smell Prioritization in Software Development,2025,article,https://doi.org/10.1109/access.2025.3543277,,https://doi.org/10.1109/access.2025.3543277,Q1,False,,exclude,EC3,Uses ML for SE but does not optimize AI model efficiency,,,,
https://openalex.org/W4407575123,https://doi.org/10.1109/access.2025.3542087,Multi-Classification Refactoring Framework Using Hopfield Neural Network for Sustainable Software Development,2025,article,https://doi.org/10.1109/access.2025.3542087,,https://doi.org/10.1109/access.2025.3542087,Q1,False,,exclude,EC3,Uses ML for SE but does not optimize AI model efficiency,,,,
https://openalex.org/W4411523067,https://doi.org/10.1145/3728984,CrossProbe: LLM-Empowered Cross-Project Bug Detection for Deep Learning Frameworks,2025,article,https://doi.org/10.1145/3728984,,https://doi.org/10.1145/3728984,Q1,False,,exclude,EC3,Uses ML for SE but does not optimize AI model efficiency,,,,
https://openalex.org/W7113436116,,Interpretable deep learning for efficient code smell prioritization in software development,2025,article,,,,Q1,False,,exclude,EC3,Uses ML for SE but does not optimize AI model efficiency,,,,
https://openalex.org/W7118170177,https://doi.org/10.52783/jisem.v10i63s.13900,Summarizing Software Programming Logic Using Word2Vec Embeddings: A Representation Learning Approach,2025,article,https://doi.org/10.52783/jisem.v10i63s.13900,https://jisem-journal.com/index.php/journal/article/download/13900/6596,https://jisem-journal.com/index.php/journal/article/download/13900/6596,Q1,False,,exclude,EC3,Uses ML for SE but does not optimize AI model efficiency,,,,
https://openalex.org/W4408029499,https://doi.org/10.59075/ijss.v3i1.730,Mathematical Foundations of Machine Learning in Software Development,2025,article,https://doi.org/10.59075/ijss.v3i1.730,https://induspublishers.com/IJSS/article/download/730/680,https://induspublishers.com/IJSS/article/download/730/680,Q1,False,,exclude,EC3,Uses ML for SE but does not optimize AI model efficiency,,,,
https://openalex.org/W7117851329,,BOAD: Discovering Hierarchical Software Engineering Agents via Bandit Optimization,2025,article,http://arxiv.org/abs/2512.23631,https://arxiv.org/pdf/2512.23631,https://arxiv.org/pdf/2512.23631,Q1,False,,exclude,EC3,Uses ML for SE but does not optimize AI model efficiency,,,,
https://openalex.org/W7117729056,https://doi.org/10.48550/arxiv.2512.23631,BOAD: Discovering Hierarchical Software Engineering Agents via Bandit Optimization,2025,preprint,https://doi.org/10.48550/arxiv.2512.23631,,https://doi.org/10.48550/arxiv.2512.23631,Q1,False,,exclude,EC3,Uses ML for SE but does not optimize AI model efficiency,,,,
https://openalex.org/W7117850845,,FasterPy: An LLM-based Code Execution Efficiency Optimization Framework,2025,article,http://arxiv.org/abs/2512.22827,https://arxiv.org/pdf/2512.22827,https://arxiv.org/pdf/2512.22827,Q1;Q5,False,,exclude,EC3,Uses ML for SE but does not optimize AI model efficiency,,,,
https://openalex.org/W7117733233,https://doi.org/10.48550/arxiv.2512.22827,FasterPy: An LLM-based Code Execution Efficiency Optimization Framework,2025,preprint,https://doi.org/10.48550/arxiv.2512.22827,,https://doi.org/10.48550/arxiv.2512.22827,Q1;Q5,False,,exclude,EC3,Uses ML for SE but does not optimize AI model efficiency,,,,
https://openalex.org/W7118714869,https://doi.org/10.71465/ajml3459,Lightweight Large Language Model Distillation for Technical Question Answering with Verified Citations,2025,article,https://doi.org/10.71465/ajml3459,https://australiansciencejournals.com/ml/article/download/3459/4375,https://australiansciencejournals.com/ml/article/download/3459/4375,Q1,False,,exclude,EC3,Uses ML for SE but does not optimize AI model efficiency,,,,
https://openalex.org/W4411766595,https://doi.org/10.64252/pn35t491,Software Cost Estimation: A Comparative Analysis Of Traditional And Machine Learning Approaches,2025,article,https://doi.org/10.64252/pn35t491,https://theaspd.com/index.php/ijes/article/download/1372/1087,https://theaspd.com/index.php/ijes/article/download/1372/1087,Q1,False,,exclude,EC3,Uses ML for SE but does not optimize AI model efficiency,,,,
https://openalex.org/W7117977941,https://doi.org/10.48550/arxiv.2512.24040,ROAD: Reflective Optimization via Automated Debugging for Zero-Shot Agent Alignment,2025,preprint,https://doi.org/10.48550/arxiv.2512.24040,,https://doi.org/10.48550/arxiv.2512.24040,Q1,False,,exclude,EC3,Uses ML for SE but does not optimize AI model efficiency,,,,
https://openalex.org/W7118051184,,ROAD: Reflective Optimization via Automated Debugging for Zero-Shot Agent Alignment,2025,article,http://arxiv.org/abs/2512.24040,https://arxiv.org/pdf/2512.24040,https://arxiv.org/pdf/2512.24040,Q1,False,,exclude,EC3,Uses ML for SE but does not optimize AI model efficiency,,,,
https://openalex.org/W7106783179,,A Needle in a Haystack: Intent-driven Reusable Artifacts Recommendation with LLMs,2025,article,http://arxiv.org/abs/2511.18343,https://arxiv.org/pdf/2511.18343,https://arxiv.org/pdf/2511.18343,Q1,False,,exclude,EC3,Uses ML for SE but does not optimize AI model efficiency,,,,
https://openalex.org/W7106714041,https://doi.org/10.48550/arxiv.2511.18343,A Needle in a Haystack: Intent-driven Reusable Artifacts Recommendation with LLMs,2025,preprint,https://doi.org/10.48550/arxiv.2511.18343,,https://doi.org/10.48550/arxiv.2511.18343,Q1,False,,exclude,EC3,Uses ML for SE but does not optimize AI model efficiency,,,,
https://openalex.org/W7116060424,https://doi.org/10.48550/arxiv.2512.15082,The Semantic Architect: How FEAML Bridges Structured Data and LLMs for Multi-Label Tasks,2025,preprint,https://doi.org/10.48550/arxiv.2512.15082,,https://doi.org/10.48550/arxiv.2512.15082,Q1,False,,exclude,EC3,Uses ML for SE but does not optimize AI model efficiency,,,,
https://openalex.org/W7116210552,,The Semantic Architect: How FEAML Bridges Structured Data and LLMs for Multi-Label Tasks,2025,article,http://arxiv.org/abs/2512.15082,https://arxiv.org/pdf/2512.15082,https://arxiv.org/pdf/2512.15082,Q1,False,,exclude,EC3,Uses ML for SE but does not optimize AI model efficiency,,,,
https://openalex.org/W4411489776,https://doi.org/10.2196/preprints.77626,How I Used GPT-4 to Automatically Generate Test Cases from Functional Requirements in Healthcare Apps (Preprint),2025,preprint,https://doi.org/10.2196/preprints.77626,,,Q1,False,,exclude,EC3,Not SE domain,,,,
https://openalex.org/W4413288130,https://doi.org/10.29207/resti.v9i4.6713,Enhancing Agile Defect Prediction with Optimized Machine Learning and Feature Selection,2025,article,https://doi.org/10.29207/resti.v9i4.6713,https://jurnal.iaii.or.id/index.php/RESTI/article/download/6713/1113,https://jurnal.iaii.or.id/index.php/RESTI/article/download/6713/1113,Q1,False,,exclude,EC3,Uses ML for SE but does not optimize AI model efficiency,,,,
https://openalex.org/W7106716338,https://doi.org/10.48550/arxiv.2511.18918,Optimization-Aware Test Generation for Deep Learning Compilers,2025,preprint,https://doi.org/10.48550/arxiv.2511.18918,,https://doi.org/10.48550/arxiv.2511.18918,Q1,False,,exclude,EC3,Uses ML for SE but does not optimize AI model efficiency,,,,
https://openalex.org/W7106782316,,Optimization-Aware Test Generation for Deep Learning Compilers,2025,article,http://arxiv.org/abs/2511.18918,https://arxiv.org/pdf/2511.18918,https://arxiv.org/pdf/2511.18918,Q1,False,,exclude,EC3,Uses ML for SE but does not optimize AI model efficiency,,,,
https://openalex.org/W7104003262,https://doi.org/10.5281/zenodo.17531713,IMPROVED HYBRID FUZZING TECHNIQUES FOR CONCURRENT SOFTWARE VULNERABILITY DETECTION,2025,article,https://doi.org/10.5281/zenodo.17531713,,https://doi.org/10.5281/zenodo.17531713,Q1,False,,exclude,EC3,Uses ML for SE but does not optimize AI model efficiency,,,,
https://openalex.org/W7104023596,https://doi.org/10.5281/zenodo.17531706,HYBRID FUZZING AND MACHINE LEARNING FOR IMPROVED VULNERABILITY DETECTION IN CONCURRENT SOFTWARE,2025,article,https://doi.org/10.5281/zenodo.17531706,,https://doi.org/10.5281/zenodo.17531706,Q1,False,,exclude,EC3,Uses ML for SE but does not optimize AI model efficiency,,,,
https://openalex.org/W7104028844,https://doi.org/10.5281/zenodo.17531707,HYBRID FUZZING AND MACHINE LEARNING FOR IMPROVED VULNERABILITY DETECTION IN CONCURRENT SOFTWARE,2025,article,https://doi.org/10.5281/zenodo.17531707,,https://doi.org/10.5281/zenodo.17531707,Q1,False,,exclude,EC3,Uses ML for SE but does not optimize AI model efficiency,,,,
https://openalex.org/W7104026339,https://doi.org/10.5281/zenodo.17531714,IMPROVED HYBRID FUZZING TECHNIQUES FOR CONCURRENT SOFTWARE VULNERABILITY DETECTION,2025,article,https://doi.org/10.5281/zenodo.17531714,,https://doi.org/10.5281/zenodo.17531714,Q1,False,,exclude,EC3,Uses ML for SE but does not optimize AI model efficiency,,,,
https://openalex.org/W4411429240,https://doi.org/10.58414/scientifictemper.2025.16.spl-1.17,A comprehensive study of AI in test case generation: Analysing industry trends and developing a predictive model,2025,article,https://doi.org/10.58414/scientifictemper.2025.16.spl-1.17,https://scientifictemper.com/index.php/tst/article/download/1993/1354,https://scientifictemper.com/index.php/tst/article/download/1993/1354,Q1,False,,exclude,EC3,Uses ML for SE but does not optimize AI model efficiency,,,,
https://openalex.org/W4413531222,https://doi.org/10.63075/5atbzt08,MACHINE LEARNING IN SOFTWARE TESTING: ENHANCING AUTOMATION AND ACCURACY,2025,article,https://doi.org/10.63075/5atbzt08,https://amresearchreview.com/index.php/Journal/article/download/644/679,https://amresearchreview.com/index.php/Journal/article/download/644/679,Q1,False,,exclude,EC3,Uses ML for SE but does not optimize AI model efficiency,,,,
https://openalex.org/W7126281858,,SWE-Replay: Efficient Test-Time Scaling for Software Engineering Agents,2026,article,http://arxiv.org/abs/2601.22129,https://arxiv.org/pdf/2601.22129,https://arxiv.org/pdf/2601.22129,Q1_2026,False,,include,,Efficient test-time scaling via trajectory recycling,tokens; cost,issue resolution,I4,W4
https://openalex.org/W7126189815,https://doi.org/10.48550/arxiv.2601.22129,SWE-Replay: Efficient Test-Time Scaling for Software Engineering Agents,2026,preprint,https://doi.org/10.48550/arxiv.2601.22129,,https://doi.org/10.48550/arxiv.2601.22129,Q1_2026,False,,exclude,EC3,Uses ML for SE but does not optimize AI model efficiency,,,,
https://openalex.org/W7125525474,https://doi.org/10.51583/ijltemas.2026.150100008,Modeling Transfer Learning for Efficient Code Reuse in Large-Scale Software Development,2026,article,https://doi.org/10.51583/ijltemas.2026.150100008,https://www.ijltemas.in/submission/online/article/download/3891/5189,https://www.ijltemas.in/submission/online/article/download/3891/5189,Q1_2026,False,,exclude,EC3,Uses ML for SE but does not optimize AI model efficiency,,,,
https://openalex.org/W7126167063,https://doi.org/10.48550/arxiv.2601.21469,Adaptive Confidence Gating in Multi-Agent Collaboration for Efficient and Optimized Code Generation,2026,preprint,https://doi.org/10.48550/arxiv.2601.21469,,https://doi.org/10.48550/arxiv.2601.21469,Q1_2026,False,,include,,Confidence gating reduces unnecessary LLM calls,tokens; API calls,code generation,I4,W4
https://openalex.org/W7126282238,,Adaptive Confidence Gating in Multi-Agent Collaboration for Efficient and Optimized Code Generation,2026,article,http://arxiv.org/abs/2601.21469,https://arxiv.org/pdf/2601.21469,https://arxiv.org/pdf/2601.21469,Q1_2026,False,,exclude,EC3,Uses ML for SE but does not optimize AI model efficiency,,,,
https://openalex.org/W7124543962,https://doi.org/10.11591/ijece.v16i1.pp278-287,"Parameter-efficient fine-tuning of small language models for code generation: a comparative study of Gemma, Qwen 2.5 and Llama 3.2",2026,article,https://doi.org/10.11591/ijece.v16i1.pp278-287,https://ijece.iaescore.com/index.php/IJECE/article/download/40423/18626,https://ijece.iaescore.com/index.php/IJECE/article/download/40423/18626,Q1_2026;Q2_2026;Q5_2026,False,,include,,Compares PEFT methods on 1-3B code LMs,parameters; training cost,code generation,I2,W1
https://openalex.org/W7119234627,,The Machine Learning Canvas: Empirical Findings on Why Strategy Matters More Than AI Code Generation,2026,article,http://arxiv.org/abs/2601.01839,https://arxiv.org/pdf/2601.01839,https://arxiv.org/pdf/2601.01839,Q1_2026,False,,exclude,EC3,Uses ML for SE but does not optimize AI model efficiency,,,,
https://openalex.org/W7119012749,https://doi.org/10.48550/arxiv.2601.01839,The Machine Learning Canvas: Empirical Findings on Why Strategy Matters More Than AI Code Generation,2026,preprint,https://doi.org/10.48550/arxiv.2601.01839,,https://doi.org/10.48550/arxiv.2601.01839,Q1_2026,False,,exclude,EC3,Uses ML for SE but does not optimize AI model efficiency,,,,
https://openalex.org/W7122539643,https://doi.org/10.51244/ijrsi.2025.12120061,"Five Lines, One Question, A Micro-Benchmark for Evaluating Structural Code Understanding",2026,article,https://doi.org/10.51244/ijrsi.2025.12120061,,,Q1_2026,False,,exclude,EC3,Uses ML for SE but does not optimize AI model efficiency,,,,
https://openalex.org/W7127884055,https://doi.org/10.18420/se2026_16,Efficient Domain Augmentation for Autonomous Driving Testing Using Diffusion Models,2026,article,https://doi.org/10.18420/se2026_16,,https://doi.org/10.18420/se2026_16,Q1_2026,False,,exclude,EC3,Not SE domain,,,,
https://openalex.org/W7119899895,https://doi.org/10.5281/zenodo.18198294,"The Universality Test: A Formal Criterion for Rule Systems - Applications in Politics, Law, Physics, Medical Law, AI Ethics, Big Data and Software Engineering Preliminary Concept — Non-expert Author Disclaimer",2026,article,https://doi.org/10.5281/zenodo.18198294,,https://doi.org/10.5281/zenodo.18198294,Q1_2026,False,,exclude,EC3,Uses ML for SE but does not optimize AI model efficiency,,,,
https://openalex.org/W7119923635,https://doi.org/10.5281/zenodo.18201283,"The Universality Test: A Formal Criterion for Rule Systems - Applications in Politics, Law, Physics, Medical Law, AI Ethics, Big Data and Software Engineering Preliminary Concept — Non-expert Author Disclaimer",2026,article,https://doi.org/10.5281/zenodo.18201283,,https://doi.org/10.5281/zenodo.18201283,Q1_2026,False,,exclude,EC3,Uses ML for SE but does not optimize AI model efficiency,,,,
https://openalex.org/W7126267894,https://doi.org/10.5281/zenodo.18427292,The Expert Interchange Standard: Enabling Dynamic Expert Management in Mixture-of-Experts Language Models,2026,preprint,https://doi.org/10.5281/zenodo.18427292,,https://doi.org/10.5281/zenodo.18427292,Q1_2026,False,,exclude,EC3,Uses ML for SE but does not optimize AI model efficiency,,,,
https://openalex.org/W7126184105,https://doi.org/10.5281/zenodo.18427053,The Expert Interchange Standard: Enabling Dynamic Expert Management in Mixture-of-Experts Language Models,2026,preprint,https://doi.org/10.5281/zenodo.18427053,,https://doi.org/10.5281/zenodo.18427053,Q1_2026,False,,exclude,EC3,Uses ML for SE but does not optimize AI model efficiency,,,,
https://openalex.org/W7126164396,https://doi.org/10.5281/zenodo.18427054,The Expert Interchange Standard: Enabling Dynamic Expert Management in Mixture-of-Experts Language Models,2026,preprint,https://doi.org/10.5281/zenodo.18427054,,https://doi.org/10.5281/zenodo.18427054,Q1_2026,False,,exclude,EC3,Uses ML for SE but does not optimize AI model efficiency,,,,
https://openalex.org/W7126229425,https://doi.org/10.5281/zenodo.18427317,The Expert Interchange Standard: Enabling Dynamic Expert Management in Mixture-of-Experts Language Models,2026,preprint,https://doi.org/10.5281/zenodo.18427317,,https://doi.org/10.5281/zenodo.18427317,Q1_2026,False,,exclude,EC3,Uses ML for SE but does not optimize AI model efficiency,,,,
https://openalex.org/W7124988030,https://doi.org/10.54254/2755-2721/2026.as31339,The Application of Artificial Intelligence in Software Engineering: An Exploration of the Research Trajectory from Requirements Analysis to Test Optimization,2026,article,https://doi.org/10.54254/2755-2721/2026.as31339,https://ace.ewapub.com/article/view/31339.pdf,https://ace.ewapub.com/article/view/31339.pdf,Q1_2026,False,,exclude,EC3,Uses ML for SE but does not optimize AI model efficiency,,,,
https://openalex.org/W7119490135,https://doi.org/10.48550/arxiv.2601.03509,Evolving Programmatic Skill Networks,2026,preprint,https://doi.org/10.48550/arxiv.2601.03509,,https://doi.org/10.48550/arxiv.2601.03509,Q1_2026,False,,exclude,EC3,Uses ML for SE but does not optimize AI model efficiency,,,,
https://openalex.org/W7119557358,,Evolving Programmatic Skill Networks,2026,article,http://arxiv.org/abs/2601.03509,https://arxiv.org/pdf/2601.03509,https://arxiv.org/pdf/2601.03509,Q1_2026,False,,exclude,EC3,Uses ML for SE but does not optimize AI model efficiency,,,,
https://openalex.org/W7125958273,https://doi.org/10.48550/arxiv.2601.18827,"Automated structural testing of LLM-based agents: methods, framework, and case studies",2026,preprint,https://doi.org/10.48550/arxiv.2601.18827,,https://doi.org/10.48550/arxiv.2601.18827,Q1_2026,False,,exclude,EC3,Uses ML for SE but does not optimize AI model efficiency,,,,
https://openalex.org/W7126001134,,"Automated structural testing of LLM-based agents: methods, framework, and case studies",2026,article,http://arxiv.org/abs/2601.18827,https://arxiv.org/pdf/2601.18827,https://arxiv.org/pdf/2601.18827,Q1_2026,False,,exclude,EC3,Uses ML for SE but does not optimize AI model efficiency,,,,
https://openalex.org/W7124118056,,NL2Dashboard: A Lightweight and Controllable Framework for Generating Dashboards with LLMs,2026,article,http://arxiv.org/abs/2601.06126,https://arxiv.org/pdf/2601.06126,https://arxiv.org/pdf/2601.06126,Q1_2026,False,,exclude,EC3,Uses ML for SE but does not optimize AI model efficiency,,,,
https://openalex.org/W7123527053,https://doi.org/10.48550/arxiv.2601.06126,NL2Dashboard: A Lightweight and Controllable Framework for Generating Dashboards with LLMs,2026,preprint,https://doi.org/10.48550/arxiv.2601.06126,,https://doi.org/10.48550/arxiv.2601.06126,Q1_2026,False,,exclude,EC3,Uses ML for SE but does not optimize AI model efficiency,,,,
https://openalex.org/W7124281694,https://doi.org/10.20944/preprints202601.0973.v1,"Small Language Models: Architecture, Evolution, and the Future of Artificial Intelligence",2026,preprint,https://doi.org/10.20944/preprints202601.0973.v1,https://www.preprints.org/frontend/manuscript/c72aeffd44ea7a7eacf8b0b92a118b41/download_pub,https://www.preprints.org/frontend/manuscript/c72aeffd44ea7a7eacf8b0b92a118b41/download_pub,Q1_2026,False,,exclude,EC3,Uses ML for SE but does not optimize AI model efficiency,,,,
https://openalex.org/W7125233138,https://doi.org/10.48550/arxiv.2601.12274,Hybrid Concolic Testing with Large Language Models for Guided Path Exploration,2026,preprint,https://doi.org/10.48550/arxiv.2601.12274,,https://doi.org/10.48550/arxiv.2601.12274,Q1_2026,False,,exclude,EC3,Uses ML for SE but does not optimize AI model efficiency,,,,
https://openalex.org/W7125351849,,Hybrid Concolic Testing with Large Language Models for Guided Path Exploration,2026,article,http://arxiv.org/abs/2601.12274,https://arxiv.org/pdf/2601.12274,https://arxiv.org/pdf/2601.12274,Q1_2026,False,,exclude,EC3,Uses ML for SE but does not optimize AI model efficiency,,,,
https://openalex.org/W7119032404,https://doi.org/10.48550/arxiv.2601.00254,"An Empirical Evaluation of LLM-Based Approaches for Code Vulnerability Detection: RAG, SFT, and Dual-Agent Systems",2026,preprint,https://doi.org/10.48550/arxiv.2601.00254,,https://doi.org/10.48550/arxiv.2601.00254,Q1_2026;Q5_2026,False,,exclude,EC3,Uses ML for SE but does not optimize AI model efficiency,,,,
https://openalex.org/W7119233744,,"An Empirical Evaluation of LLM-Based Approaches for Code Vulnerability Detection: RAG, SFT, and Dual-Agent Systems",2026,article,http://arxiv.org/abs/2601.00254,https://arxiv.org/pdf/2601.00254,https://arxiv.org/pdf/2601.00254,Q1_2026;Q5_2026,False,,exclude,EC3,Uses ML for SE but does not optimize AI model efficiency,,,,
https://openalex.org/W7126079327,https://doi.org/10.3390/met16020162,"Large Language Models for High-Entropy Alloys: Literature Mining, Design Orchestration, and Evaluation Standards",2026,article,https://doi.org/10.3390/met16020162,,https://doi.org/10.3390/met16020162,Q2_2026,False,,exclude,EC3,Not SE domain,,,,
https://openalex.org/W4239493972,https://doi.org/10.35940/ijrte.d7387.118419,"Applying Unsupervised Machine Learning in Continuous Integration, Security and Deployment Pipeline Automation for Application Software System",2019,article,http://doi.org/10.35940/ijrte.d7387.118419,https://doi.org/10.35940/ijrte.d7387.118419,https://doi.org/10.35940/ijrte.d7387.118419,Q1,False,,exclude,EC3,Uses ML for SE but does not optimize AI model efficiency,,,,
https://openalex.org/W3006127095,https://doi.org/10.48550/arxiv.2002.05442,"Deep Learning for Source Code Modeling and Generation: Models, Applications and Challenges",2020,preprint,http://arxiv.org/abs/2002.05442,,http://arxiv.org/abs/2002.05442,Q1,False,,exclude,EC3,Uses ML for SE but does not optimize AI model efficiency,,,,
https://openalex.org/W3111641054,https://doi.org/10.1109/qrs51102.2020.00056,On the Defect Prediction for Large Scale Software Systems – From Defect Density to Machine Learning,2020,article,https://doi.org/10.1109/qrs51102.2020.00056,,,Q1,False,,exclude,EC3,Uses ML for SE but does not optimize AI model efficiency,,,,
https://openalex.org/W3129406639,https://doi.org/10.5121/ijaia.2021.12107,Software Testing: Issues and Challenges of Artificial Intelligence &amp; Machine Learning,2021,article,https://doi.org/10.5121/ijaia.2021.12107,https://doi.org/10.5121/ijaia.2021.12107,https://doi.org/10.5121/ijaia.2021.12107,Q1,False,,exclude,EC3,Uses ML for SE but does not optimize AI model efficiency,,,,
https://openalex.org/W3170124364,https://doi.org/10.35940/ijrte.a5898.0510121,Software Defect Estimation using Machine Learning Algorithms,2021,article,https://doi.org/10.35940/ijrte.a5898.0510121,https://doi.org/10.35940/ijrte.a5898.0510121,https://doi.org/10.35940/ijrte.a5898.0510121,Q1,False,,exclude,EC3,Uses ML for SE but does not optimize AI model efficiency,,,,
https://openalex.org/W4210653437,https://doi.org/10.13164/mendel.2021.2.068,Robotic Automation of Software Testing From a Machine Learning Viewpoint,2021,article,https://doi.org/10.13164/mendel.2021.2.068,https://mendel-journal.org/index.php/mendel/article/download/160/166,https://mendel-journal.org/index.php/mendel/article/download/160/166,Q1,False,,exclude,EC3,Not SE domain,,,,
https://openalex.org/W3163506256,https://doi.org/10.17762/turcomat.v12i6.5800,Role of Machine Learning &amp; Artificial Intelligence Techniques in Software Testing,2021,article,https://doi.org/10.17762/turcomat.v12i6.5800,https://turcomat.org/index.php/turkbilmat/article/download/5800/4839,https://turcomat.org/index.php/turkbilmat/article/download/5800/4839,Q1,False,,exclude,EC3,Uses ML for SE but does not optimize AI model efficiency,,,,
https://openalex.org/W4214613599,https://doi.org/10.55452/1998-6688-2021-18-1-157-161,INFORMATION SYSTEMS FOR MACHINE INTELLIGENCE TO AUTOMATED SOFTWARE TESTING,2021,article,https://doi.org/10.55452/1998-6688-2021-18-1-157-161,https://vestnik.kbtu.edu.kz/jour/article/download/71/71,https://vestnik.kbtu.edu.kz/jour/article/download/71/71,Q1,False,,exclude,EC3,Uses ML for SE but does not optimize AI model efficiency,,,,
https://openalex.org/W3144920801,https://doi.org/10.31590/ejosat.899698,An Analysis of Deep Neural Network for Recommending Developers to Fix Reported Bugs,2021,article,https://doi.org/10.31590/ejosat.899698,https://dergipark.org.tr/en/download/article-file/1648848,https://dergipark.org.tr/en/download/article-file/1648848,Q1,False,,exclude,EC3,Uses ML for SE but does not optimize AI model efficiency,,,,
https://openalex.org/W4226237823,https://doi.org/10.5281/zenodo.5797871,Malware Detection Software Powered by Machine Learning,2021,article,https://doi.org/10.5281/zenodo.5797871,,https://doi.org/10.5281/zenodo.5797871,Q1,False,,exclude,EC3,Uses ML for SE but does not optimize AI model efficiency,,,,
https://openalex.org/W4297097432,https://doi.org/10.1109/aitest55621.2022.00020,An Approach to GUI Test Scenario Generation Using Machine Learning,2022,article,https://doi.org/10.1109/aitest55621.2022.00020,,,Q1,False,,exclude,EC3,Uses ML for SE but does not optimize AI model efficiency,,,,
https://openalex.org/W4221145435,https://doi.org/10.48550/arxiv.2201.12602,DeepRNG: Towards Deep Reinforcement Learning-Assisted Generative Testing of Software,2022,preprint,http://arxiv.org/abs/2201.12602,https://arxiv.org/pdf/2201.12602,https://arxiv.org/pdf/2201.12602,Q1,False,,exclude,EC3,Uses ML for SE but does not optimize AI model efficiency,,,,
https://openalex.org/W4312592835,https://doi.org/10.1145/3510454.3517066,More effective test case generation with multiple tribes of AI,2022,article,https://doi.org/10.1145/3510454.3517066,https://dl.acm.org/doi/pdf/10.1145/3510454.3517066,https://dl.acm.org/doi/pdf/10.1145/3510454.3517066,Q1,False,,exclude,EC3,Uses ML for SE but does not optimize AI model efficiency,,,,
https://openalex.org/W4296970637,https://doi.org/10.1145/3559712.3559720,How do Trivial Refactorings Affect Classification Prediction Models?,2022,article,https://doi.org/10.1145/3559712.3559720,,,Q1,False,,exclude,EC3,Uses ML for SE but does not optimize AI model efficiency,,,,
https://openalex.org/W4381982739,https://doi.org/10.3390/computers12070128,Improving Bug Assignment and Developer Allocation in Software Engineering through Interpretable Machine Learning Models,2023,article,https://doi.org/10.3390/computers12070128,https://www.mdpi.com/2073-431X/12/7/128/pdf?version=1687663894,https://www.mdpi.com/2073-431X/12/7/128/pdf?version=1687663894,Q1,False,,exclude,EC3,Uses ML for SE but does not optimize AI model efficiency,,,,
https://openalex.org/W4315700799,https://doi.org/10.3390/a16010053,Investigating Novice Developers’ Code Commenting Trends Using Machine Learning Techniques,2023,article,https://doi.org/10.3390/a16010053,https://www.mdpi.com/1999-4893/16/1/53/pdf?version=1673517210,https://www.mdpi.com/1999-4893/16/1/53/pdf?version=1673517210,Q1,False,,exclude,EC3,Uses ML for SE but does not optimize AI model efficiency,,,,
https://openalex.org/W4390528935,https://doi.org/10.48550/arxiv.2401.00563,KernelGPT: Enhanced Kernel Fuzzing via Large Language Models,2023,preprint,http://arxiv.org/abs/2401.00563,https://arxiv.org/pdf/2401.00563,https://arxiv.org/pdf/2401.00563,Q1;Q7,False,,exclude,EC3,Uses ML for SE but does not optimize AI model efficiency,,,,
https://openalex.org/W4385626895,https://doi.org/10.1109/access.2023.3302695,Generating Python Mutants From Bug Fixes Using Neural Machine Translation,2023,article,https://doi.org/10.1109/access.2023.3302695,https://ieeexplore.ieee.org/ielx7/6287639/6514899/10210051.pdf,https://ieeexplore.ieee.org/ielx7/6287639/6514899/10210051.pdf,Q1;Q3,False,,exclude,EC3,Uses ML for SE but does not optimize AI model efficiency,,,,
https://openalex.org/W4387252641,https://doi.org/10.5121/csit.2023.131701,Using Machine Learning to Identify Software Weaknesses from Software Requirement Specifications,2023,article,http://doi.org/10.5121/csit.2023.131701,https://doi.org/10.5121/csit.2023.131701,https://doi.org/10.5121/csit.2023.131701,Q1,False,,exclude,EC3,Uses ML for SE but does not optimize AI model efficiency,,,,
https://openalex.org/W4385775076,https://doi.org/10.48550/arxiv.2308.05558,Using Machine Learning To Identify Software Weaknesses From Software Requirement Specifications,2023,preprint,http://arxiv.org/abs/2308.05558,https://arxiv.org/pdf/2308.05558,https://arxiv.org/pdf/2308.05558,Q1,False,,exclude,EC3,Uses ML for SE but does not optimize AI model efficiency,,,,
https://openalex.org/W4377371793,https://doi.org/10.48550/arxiv.2305.11619,Towards Code Generation from BDD Test Case Specifications: A Vision,2023,preprint,http://arxiv.org/abs/2305.11619,https://arxiv.org/pdf/2305.11619,https://arxiv.org/pdf/2305.11619,Q1;Q2;Q3,False,,exclude,EC3,Uses ML for SE but does not optimize AI model efficiency,,,,
https://openalex.org/W4378373662,https://doi.org/10.1109/icst57152.2023.00010,AI is a game-changing technology: how to test and robustify Machine-Learning software?,2023,article,http://dx.doi.org/10.1109/icst57152.2023.00010,,,Q1,False,,exclude,EC3,Uses ML for SE but does not optimize AI model efficiency,,,,
https://openalex.org/W4389364280,https://doi.org/10.48550/arxiv.2312.01921,A Machine Learning Approach Towards SKILL Code Autocompletion,2023,preprint,http://arxiv.org/abs/2312.01921,https://arxiv.org/pdf/2312.01921,https://arxiv.org/pdf/2312.01921,Q1,False,,exclude,EC3,Uses ML for SE but does not optimize AI model efficiency,,,,
https://openalex.org/W4392930478,https://doi.org/10.33140/eoa.01.01.11,Implementing Centralized Error Handling for Software Systems through the Integration of Machine Learning Techniques,2023,article,http://doi.org/10.33140/eoa.01.01.11,https://doi.org/10.33140/eoa.01.01.11,https://doi.org/10.33140/eoa.01.01.11,Q1,False,,exclude,EC3,Uses ML for SE but does not optimize AI model efficiency,,,,
https://openalex.org/W4381149750,https://doi.org/10.46647/ijetms.2023.v07i02.077,A NOVEL SOFTWARE ENGINEERING APPROACH TOWARD USING MACHINE LEARNING FOR IMPROVING THE EFFICIENCY OF HEALTH SYSTEMS,2023,article,https://doi.org/10.46647/ijetms.2023.v07i02.077,https://ijetms.in/Vol-7-issue-2/Vol-7-Issue-2-77.pdf,https://ijetms.in/Vol-7-issue-2/Vol-7-Issue-2-77.pdf,Q1,False,,exclude,EC3,Not SE domain,,,,
https://openalex.org/W4393927403,https://doi.org/10.48550/arxiv.2404.01558,Automated User Story Generation with Test Case Specification Using Large Language Model,2024,preprint,http://arxiv.org/abs/2404.01558,https://arxiv.org/pdf/2404.01558,https://arxiv.org/pdf/2404.01558,Q1,False,,exclude,EC3,Uses ML for SE but does not optimize AI model efficiency,,,,
https://openalex.org/W4390784489,https://doi.org/10.48550/arxiv.2401.04637,Applying Large Language Models API to Issue Classification Problem,2024,preprint,http://arxiv.org/abs/2401.04637,https://arxiv.org/pdf/2401.04637,https://arxiv.org/pdf/2401.04637,Q1,False,,exclude,EC3,Uses ML for SE but does not optimize AI model efficiency,,,,
https://openalex.org/W4406370346,https://doi.org/10.3390/fi17010033,Question–Answer Methodology for Vulnerable Source Code Review via Prototype-Based Model-Agnostic Meta-Learning,2025,article,https://doi.org/10.3390/fi17010033,https://www.mdpi.com/1999-5903/17/1/33/pdf?version=1736854394,https://www.mdpi.com/1999-5903/17/1/33/pdf?version=1736854394,Q1;Q7,False,,exclude,EC3,Uses ML for SE but does not optimize AI model efficiency,,,,
https://openalex.org/W4407509754,https://doi.org/10.1371/journal.pone.0314512,Predicting software reuse using machine learning techniques—A case study on open-source Java software systems,2025,article,https://doi.org/10.1371/journal.pone.0314512,,https://doi.org/10.1371/journal.pone.0314512,Q1,False,,exclude,EC3,Uses ML for SE but does not optimize AI model efficiency,,,,
https://openalex.org/W4411179207,https://doi.org/10.55041/isjem04233,Software Bug Classification Using Machine Learning,2025,article,https://doi.org/10.55041/isjem04233,,,Q1,False,,exclude,EC3,Uses ML for SE but does not optimize AI model efficiency,,,,
https://openalex.org/W7112808651,,AI recommendation penetration testing tool for cross-site scripting: support vector machine algorithm,2025,article,"https://ir.uitm.edu.my/view/publication/Progress_in_Computer_and_Mathematics_Journal_=28PCMJ=29.html>,",,,Q1,False,,exclude,EC3,Uses ML for SE but does not optimize AI model efficiency,,,,
https://openalex.org/W7126402077,https://doi.org/10.5281/zenodo.18451526,INTEGRATED SOFTWARE ARCHITECTURE FOR A SCALABLE AND MAINTAINABLE NONINVASIVE GLUCOSE MONITORING PLATFORM USING OPTICAL SENSING AND TRANSFORMER-BASED MACHINE LEARNING,2026,article,https://doi.org/10.5281/zenodo.18451526,,https://doi.org/10.5281/zenodo.18451526,Q1_2026,False,,exclude,EC3,Not SE domain,,,,
https://openalex.org/W7126428115,https://doi.org/10.5281/zenodo.18451525,INTEGRATED SOFTWARE ARCHITECTURE FOR A SCALABLE AND MAINTAINABLE NONINVASIVE GLUCOSE MONITORING PLATFORM USING OPTICAL SENSING AND TRANSFORMER-BASED MACHINE LEARNING,2026,article,https://doi.org/10.5281/zenodo.18451525,,https://doi.org/10.5281/zenodo.18451525,Q1_2026,False,,exclude,EC3,Not SE domain,,,,
https://openalex.org/W7126001463,,Reward Engineering for Reinforcement Learning in Software Tasks,2026,article,http://arxiv.org/abs/2601.19100,https://arxiv.org/pdf/2601.19100,https://arxiv.org/pdf/2601.19100,Q1_2026,False,,exclude,EC3,Uses ML for SE but does not optimize AI model efficiency,,,,
https://openalex.org/W7125898347,https://doi.org/10.48550/arxiv.2601.19100,Reward Engineering for Reinforcement Learning in Software Tasks,2026,preprint,https://doi.org/10.48550/arxiv.2601.19100,,https://doi.org/10.48550/arxiv.2601.19100,Q1_2026,False,,exclude,EC3,Uses ML for SE but does not optimize AI model efficiency,,,,
